,date,Negative,Neutral,Positive
0,2018-01-02,0.98282397,0.0027468717,0.01442918
1,2018-01-03,0.17424023,0.0039345156,0.82182527
2,2018-01-05,0.9554789,0.0036679558,0.040853146
3,2018-01-06,0.98594266,0.0029047953,0.0111525
4,2018-01-08,0.50252044,0.17285302,0.3246265
5,2018-01-10,0.9721366,0.0032427139,0.024620682
6,2018-01-11,0.9847733,0.002771595,0.0124551235
7,2018-01-15,0.36719325,0.0029476623,0.62985903
8,2018-01-18,0.9850515,0.002716004,0.012232483
9,2018-01-21,0.9690498,0.0030675146,0.02788262
10,2018-01-22,0.48081878,0.005998698,0.5131825
11,2018-01-24,0.42027617,0.0031719804,0.57655185
12,2018-01-25,0.7064702,0.0048921853,0.2886376
13,2018-01-26,0.7864516,0.004003576,0.20954487
14,2018-01-29,0.5143336,0.0028955368,0.48277086
15,2018-01-30,0.50315905,0.004395021,0.49244595
16,2018-01-31,0.9712962,0.0035528494,0.02515103
17,2018-02-01,0.9195682,0.0035986505,0.07683315
18,2018-02-02,0.6591508,0.0030167361,0.33783245
19,2018-02-07,0.9817002,0.0030498174,0.015249971
20,2018-02-08,0.7829357,0.0039045746,0.21315974
21,2018-02-10,0.94432,0.013553762,0.04212623
22,2018-02-11,0.53004956,0.0033577352,0.4665927
23,2018-02-13,0.96648604,0.0027964984,0.03071747
24,2018-02-14,0.97651935,0.0028654851,0.02061515
25,2018-02-15,0.918725,0.0039994135,0.07727567
26,2018-02-22,0.9648519,0.0027726188,0.0323754
27,2018-03-01,0.70626384,0.0047986084,0.28893754
28,2018-03-04,0.30030575,0.0050113373,0.6946829
29,2018-03-05,0.8395661,0.0038703396,0.15656361
30,2018-03-07,0.96966684,0.0069136955,0.023419466
31,2018-03-08,0.8614087,0.0046787383,0.13391256
32,2018-03-09,0.94226044,0.035064805,0.022674771
33,2018-03-10,0.49723446,0.0046241307,0.49814138
34,2018-03-12,0.18115482,0.16641675,0.6524284
35,2018-03-13,0.9808239,0.0039786925,0.015197419
36,2018-03-14,0.55504346,0.0051282826,0.43982822
37,2018-03-15,0.97000664,0.00302351,0.026969861
38,2018-03-16,0.028077776,0.0026314992,0.9692907
39,2018-03-19,0.9781305,0.0028769025,0.018992528
40,2018-03-20,0.5975446,0.003537185,0.3989182
41,2018-03-21,0.9631013,0.0032051792,0.03369351
42,2018-03-25,0.5909697,0.0036001154,0.40543017
43,2018-03-26,0.9173636,0.0036760161,0.07896038
44,2018-03-28,0.97834593,0.0031034162,0.018550575
45,2018-03-29,0.53370005,0.0052250656,0.4610749
46,2018-04-01,0.9289147,0.0040654214,0.06701986
47,2018-04-07,0.02883937,0.49683574,0.47432488
48,2018-04-09,0.9244176,0.0030716779,0.07251067
49,2018-04-10,0.97563195,0.0042945556,0.02007353
50,2018-04-12,0.48681659,0.0056203897,0.507563
51,2018-04-16,0.5262233,0.0032294765,0.47054717
52,2018-04-23,0.98025185,0.003816078,0.015932178
53,2018-04-24,0.985083,0.00335874,0.01155829
54,2018-04-25,0.5839423,0.0035033533,0.41255432
55,2018-04-30,0.96017486,0.0064043445,0.033420816
56,2018-05-02,0.9658171,0.0030629418,0.031119984
57,2018-05-03,0.9357161,0.004198064,0.060085863
58,2018-05-04,0.87205076,0.004146586,0.12380259
59,2018-05-07,0.01447585,0.4935008,0.4920234
60,2018-05-09,0.007958193,0.9777658,0.014276017
61,2018-05-10,0.058686264,0.0034536766,0.9378601
62,2018-05-11,0.98011595,0.005373249,0.0145108
63,2018-05-12,0.9725315,0.0032511954,0.024217322
64,2018-05-15,0.51691353,0.0030210675,0.4800654
65,2018-05-17,0.9306746,0.0039790473,0.06534632
66,2018-05-21,0.6828898,0.004297535,0.31281263
67,2018-05-23,0.94317794,0.0034470144,0.053375047
68,2018-05-29,0.9791219,0.0028924635,0.017985601
69,2018-06-02,0.9317261,0.0056168092,0.0626571
70,2018-06-03,0.97514516,0.0028811533,0.021973735
71,2018-06-07,0.52102125,0.0044466443,0.47453204
72,2018-06-08,0.9830377,0.0036037434,0.0133585455
73,2018-06-09,0.9135919,0.0037222193,0.082685925
74,2018-06-11,0.9854011,0.0028497213,0.011749174
75,2018-06-12,0.8813982,0.004818251,0.11378354
76,2018-06-13,0.9349561,0.0034575332,0.061586402
77,2018-06-14,0.95635164,0.0037561432,0.039892226
78,2018-06-18,0.9644584,0.003684214,0.031857375
79,2018-06-21,0.8532828,0.003894207,0.14282304
80,2018-06-22,0.019223962,0.49115133,0.48962477
81,2018-06-25,0.5038431,0.003198468,0.4929584
82,2018-06-26,0.54764163,0.0043733777,0.44798502
83,2018-06-27,0.97316563,0.00609988,0.020734448
84,2018-06-28,0.7376705,0.0031195632,0.25920993
85,2018-06-29,0.94727874,0.00295824,0.049763054
86,2018-07-08,0.7293129,0.0104276035,0.26025945
87,2018-07-09,0.25394276,0.008719494,0.73733777
88,2018-07-11,0.93819004,0.014612347,0.047197614
89,2018-07-12,0.4864859,0.3657495,0.14776464
90,2018-07-13,0.9709015,0.0030455855,0.026052829
91,2018-07-16,0.67930794,0.008517362,0.31217474
92,2018-07-17,0.5066229,0.0043743835,0.48900267
93,2018-07-18,0.98230773,0.0031806864,0.014511604
94,2018-07-19,0.95794535,0.0032694384,0.038785145
95,2018-07-20,0.4828853,0.0032370505,0.5138777
96,2018-07-23,0.8317578,0.006728594,0.16151363
97,2018-07-24,0.49703655,0.49515337,0.0078101284
98,2018-07-25,0.49103162,0.4968124,0.0121559715
99,2018-07-26,0.39818987,0.0033395155,0.59847057
100,2018-07-27,0.49727458,0.0028229547,0.49990246
101,2018-07-30,0.4810473,0.46262336,0.056329295
102,2018-07-31,0.5140765,0.00521622,0.4807073
103,2018-08-02,0.24957362,0.006623981,0.7438024
104,2018-08-04,0.98310953,0.0038428837,0.013047618
105,2018-08-05,0.7318273,0.0051418957,0.26303077
106,2018-08-08,0.6341517,0.0037629134,0.36208534
107,2018-08-10,0.69613934,0.005087747,0.29877296
108,2018-08-11,0.48275724,0.47284198,0.04440076
109,2018-08-13,0.98163694,0.0031342856,0.015228781
110,2018-08-14,0.8883081,0.004608227,0.10708365
111,2018-08-15,0.48900375,0.49669847,0.014297823
112,2018-08-16,0.6317431,0.0036127965,0.3646441
113,2018-08-17,0.31173962,0.4732625,0.21499796
114,2018-08-20,0.9420912,0.00313969,0.05476907
115,2018-08-21,0.5183128,0.003706667,0.47798055
116,2018-08-22,0.535757,0.0036474986,0.46059552
117,2018-08-23,0.38790283,0.49374545,0.11835179
118,2018-08-24,0.49523064,0.0029237163,0.50184566
119,2018-08-27,0.9844765,0.0028873645,0.012636093
120,2018-08-28,0.48926073,0.005029042,0.50571024
121,2018-08-29,0.22430882,0.40393633,0.37175483
122,2018-08-30,0.9393023,0.004226758,0.0564709
123,2018-08-31,0.97963536,0.0041624275,0.016202137
124,2018-09-07,0.8633971,0.006118196,0.13048469
125,2018-09-08,0.49861878,0.0033093602,0.49807182
126,2018-09-10,0.4339653,0.0052173575,0.5608173
127,2018-09-11,0.97934955,0.0030161727,0.017634312
128,2018-09-13,0.42016733,0.49744895,0.082383685
129,2018-09-14,0.48689008,0.00361275,0.5094971
130,2018-09-17,0.9749328,0.005603188,0.019463997
131,2018-09-18,0.94449925,0.010519802,0.04498097
132,2018-09-19,0.87769973,0.0035826731,0.11871764
133,2018-09-20,0.561524,0.0036211892,0.4348549
134,2018-09-21,0.4663093,0.13904847,0.39464217
135,2018-09-24,0.51933163,0.0063709724,0.47429746
136,2018-09-25,0.5609433,0.004467957,0.43458873
137,2018-09-26,0.36234656,0.005177483,0.632476
138,2018-09-27,0.97985667,0.002901617,0.017241716
139,2018-09-28,0.4456591,0.026958175,0.5273827
140,2018-10-04,0.94299775,0.0032680817,0.053734105
141,2018-10-05,0.98440516,0.0029640046,0.012630871
142,2018-10-07,0.98410404,0.0032325408,0.012663364
143,2018-10-08,0.44113198,0.49193814,0.06692989
144,2018-10-09,0.97899187,0.0026704865,0.018337648
145,2018-10-10,0.49619177,0.0029472027,0.50086105
146,2018-10-12,0.6955268,0.003903402,0.3005698
147,2018-10-15,0.7263645,0.0047646267,0.26887092
148,2018-10-16,0.98124844,0.0029597725,0.015791815
149,2018-10-17,0.062006023,0.0041689007,0.933825
150,2018-10-18,0.9854641,0.0027918585,0.011744101
151,2018-10-19,0.98282254,0.0027995547,0.014377916
152,2018-10-22,0.0863298,0.0034809387,0.9101893
153,2018-10-23,0.9224222,0.0107498905,0.06682797
154,2018-10-24,0.881469,0.005501515,0.1130295
155,2018-10-25,0.9350622,0.034115884,0.030821826
156,2018-10-26,0.9564326,0.0071278485,0.036439568
157,2018-10-29,0.97079825,0.003132218,0.02606954
158,2018-10-30,0.9808105,0.0028317282,0.016357783
159,2018-10-31,0.6468073,0.099288255,0.25390437
160,2018-11-01,0.98036206,0.0029817799,0.016656144
161,2018-11-03,0.9608276,0.0031264003,0.036046028
162,2018-11-06,0.97711986,0.0029966934,0.019883446
163,2018-11-07,0.925042,0.0045768507,0.07038116
164,2018-11-09,0.50100267,0.0025601801,0.49643713
165,2018-11-10,0.97230804,0.0057519777,0.021939922
166,2018-11-12,0.96492213,0.0031883274,0.03188957
167,2018-11-13,0.62148297,0.0036790455,0.37483793
168,2018-11-14,0.9485966,0.004490482,0.046912868
169,2018-11-15,0.50380903,0.47821417,0.01797677
170,2018-11-16,0.9688263,0.0028546783,0.028319024
171,2018-11-19,0.49546075,0.0025250213,0.5020142
172,2018-11-20,0.9277849,0.0030768905,0.06913823
173,2018-11-21,0.50585926,0.0044812784,0.48965952
174,2018-11-22,0.4078382,0.0031954313,0.5889664
175,2018-11-23,0.48850214,0.017588869,0.49390894
176,2018-11-26,0.78129077,0.0041267187,0.21458255
177,2018-11-27,0.8799199,0.0039864904,0.11609356
178,2018-11-28,0.46762484,0.4513138,0.08106134
179,2018-11-29,0.9649805,0.0039140005,0.031105496
180,2018-11-30,0.59565604,0.28245783,0.121886134
181,2018-12-01,0.046467394,0.0025658293,0.9509668
182,2018-12-06,0.951266,0.0036763514,0.045057736
183,2018-12-07,0.96047086,0.005103683,0.034425545
184,2018-12-09,0.9708956,0.007991993,0.021112368
185,2018-12-10,0.77228785,0.0049233004,0.22278884
186,2018-12-11,0.9534404,0.0070470087,0.039512567
187,2018-12-12,0.57583046,0.0037842512,0.42038527
188,2018-12-13,0.010049454,0.94607913,0.043871436
189,2018-12-14,0.98417217,0.0027886136,0.013039141
190,2018-12-17,0.77245617,0.004019465,0.22352433
191,2018-12-18,0.34975994,0.0035700223,0.64667004
192,2018-12-19,0.6158931,0.2259026,0.15820432
193,2018-12-20,0.827389,0.0039645573,0.16864643
194,2018-12-21,0.9709065,0.0037683302,0.025325233
195,2018-12-24,0.4950914,0.002808751,0.5020999
196,2018-12-25,0.4968999,0.004061251,0.49903885
197,2018-12-26,0.60533315,0.0043511055,0.39031574
198,2018-12-27,0.9865178,0.003045055,0.01043719
199,2018-12-28,0.7707982,0.0042029265,0.22499882
200,2018-12-31,0.49620017,0.49409604,0.009703796
201,2019-01-01,0.91739714,0.0038138677,0.078788936
202,2019-01-02,0.69480324,0.0052825026,0.29991424
203,2019-01-03,0.9579357,0.003674533,0.03838983
204,2019-01-04,0.09425711,0.003600396,0.9021425
205,2019-01-05,0.9035853,0.0061759152,0.09023874
206,2019-01-07,0.5150436,0.0028724344,0.48208392
207,2019-01-08,0.5027516,0.003179195,0.49406922
208,2019-01-10,0.984681,0.0028487747,0.012470191
209,2019-01-11,0.79621625,0.0047052586,0.1990785
210,2019-01-14,0.9770942,0.007790241,0.0151155265
211,2019-01-15,0.6192295,0.0070133936,0.37375712
212,2019-01-16,0.9737436,0.0031145355,0.023141842
213,2019-01-17,0.96383995,0.007040533,0.029119514
214,2019-01-18,0.52011824,0.0031596557,0.47672215
215,2019-01-21,0.8729593,0.003775633,0.12326511
216,2019-01-22,0.89961994,0.0056562275,0.09472387
217,2019-01-23,0.64855516,0.0041920333,0.3472528
218,2019-01-24,0.43609995,0.4053138,0.15858623
219,2019-01-25,0.5418833,0.0028432258,0.45527354
220,2019-01-28,0.8345294,0.0077360575,0.15773454
221,2019-01-29,0.4648858,0.003040537,0.5320737
222,2019-01-30,0.4840086,0.39515743,0.12083396
223,2019-01-31,0.5817039,0.011489904,0.40680617
224,2019-02-01,0.9863117,0.002837733,0.010850679
225,2019-02-04,0.60184807,0.0034964955,0.3946555
226,2019-02-05,0.9830048,0.0040947436,0.012900512
227,2019-02-07,0.7020105,0.0035770056,0.2944125
228,2019-02-08,0.4969876,0.4939722,0.009040145
229,2019-02-09,0.9832767,0.0028638479,0.01385943
230,2019-02-10,0.9854601,0.0030105808,0.011529341
231,2019-02-12,0.9844239,0.0029322114,0.012643896
232,2019-02-13,0.4378922,0.0036652295,0.55844253
233,2019-02-14,0.44980472,0.0036089972,0.5465863
234,2019-02-15,0.49635106,0.004160608,0.4994883
235,2019-02-18,0.77344,0.004505611,0.22205436
236,2019-02-19,0.044873863,0.3551,0.60002613
237,2019-02-20,0.96956384,0.0034217513,0.027014438
238,2019-02-21,0.9536482,0.003271061,0.0430808
239,2019-02-22,0.9753231,0.00298585,0.021691088
240,2019-02-25,0.7469395,0.0044929623,0.24856755
241,2019-02-26,0.7992711,0.00435711,0.19637176
242,2019-02-27,0.9408535,0.005025521,0.05412098
243,2019-02-28,0.649742,0.0038537902,0.34640422
244,2019-03-01,0.6854876,0.0033975136,0.31111488
245,2019-03-04,0.97868216,0.002969369,0.018348558
246,2019-03-05,0.97645175,0.002767861,0.020780418
247,2019-03-06,0.89836633,0.0052917576,0.09634191
248,2019-03-07,0.8507003,0.0076704463,0.14162923
249,2019-03-09,0.98320264,0.0027323575,0.014064992
250,2019-03-10,0.50837255,0.0032766159,0.48835084
251,2019-03-12,0.5255964,0.010094573,0.4643091
252,2019-03-13,0.50060934,0.0027064476,0.49668425
253,2019-03-14,0.6747441,0.0044121207,0.32084373
254,2019-03-15,0.51478565,0.4067757,0.0784386
255,2019-03-16,0.97795695,0.004770622,0.01727235
256,2019-03-18,0.94388425,0.003918219,0.052197468
257,2019-03-19,0.025282986,0.07837794,0.89633906
258,2019-03-20,0.7230089,0.0046462836,0.27234486
259,2019-03-21,0.5025413,0.0144376075,0.48302102
260,2019-03-22,0.98231447,0.0030451743,0.014640325
261,2019-03-25,0.4833358,0.004290526,0.51237375
262,2019-03-26,0.7789098,0.004221975,0.21686828
263,2019-03-27,0.009941413,0.48711842,0.5029402
264,2019-03-28,0.98285735,0.0028017368,0.014340887
265,2019-03-29,0.4917431,0.003064267,0.50519264
266,2019-04-01,0.5173309,0.002752887,0.47991624
267,2019-04-02,0.49507967,0.0040211636,0.5008992
268,2019-04-03,0.59223735,0.0064522875,0.40131032
269,2019-04-04,0.9605439,0.0045553176,0.034900807
270,2019-04-06,0.9177239,0.047792,0.034484096
271,2019-04-07,0.4804865,0.49684247,0.022670971
272,2019-04-09,0.9514432,0.0058050337,0.04275176
273,2019-04-10,0.5062351,0.002489958,0.4912749
274,2019-04-11,0.4955284,0.0026533986,0.50181824
275,2019-04-12,0.50282687,0.0025865491,0.49458665
276,2019-04-15,0.93744516,0.0032612416,0.059293553
277,2019-04-16,0.98049486,0.0027668816,0.016738228
278,2019-04-17,0.9817424,0.0032204078,0.015037174
279,2019-04-18,0.90160453,0.013460206,0.08493518
280,2019-04-19,0.43111867,0.48706034,0.08182094
281,2019-04-22,0.94235605,0.0034007048,0.05424327
282,2019-04-23,0.7470396,0.0047033806,0.24825698
283,2019-04-24,0.9550502,0.003302045,0.0416478
284,2019-04-25,0.97963834,0.0034158186,0.016945776
285,2019-04-26,0.58363825,0.00566311,0.41069865
286,2019-04-29,0.61694074,0.003584945,0.37947434
287,2019-04-30,0.0112813255,0.49438113,0.49433753
288,2019-05-02,0.30867234,0.0037196514,0.687608
289,2019-05-03,0.6711037,0.0050635515,0.3238327
290,2019-05-04,0.13766906,0.01081196,0.851519
291,2019-05-06,0.52895695,0.0031806917,0.46786234
292,2019-05-07,0.94283867,0.015504668,0.041656695
293,2019-05-08,0.19232044,0.3969638,0.41071576
294,2019-05-09,0.96884346,0.0028930628,0.028263431
295,2019-05-11,0.7097492,0.0051987,0.28505206
296,2019-05-12,0.07186583,0.011022737,0.9171114
297,2019-05-13,0.9522414,0.0033740138,0.044384547
298,2019-05-14,0.9538959,0.0068178526,0.039286315
299,2019-05-15,0.8973913,0.003340554,0.0992681
300,2019-05-16,0.25350732,0.004399085,0.7420936
301,2019-05-17,0.9852043,0.003227376,0.01156839
302,2019-05-20,0.5109581,0.0026529902,0.48638892
303,2019-05-21,0.9723237,0.0063712094,0.021305073
304,2019-05-22,0.76148736,0.011419195,0.22709344
305,2019-05-23,0.6626014,0.1874091,0.14998944
306,2019-05-24,0.07240252,0.39499518,0.5326023
307,2019-05-27,0.8397267,0.0039116424,0.1563617
308,2019-05-28,0.92338085,0.0056440467,0.07097507
309,2019-05-29,0.5591373,0.0479249,0.3929378
310,2019-05-30,0.51084256,0.0031018395,0.4860556
311,2019-05-31,0.38232854,0.004499854,0.61317164
312,2019-06-02,0.9227152,0.0051730936,0.07211177
313,2019-06-03,0.98055816,0.003850265,0.015591547
314,2019-06-05,0.94830644,0.0032024016,0.0484912
315,2019-06-06,0.9817195,0.004472878,0.013807616
316,2019-06-08,0.9642786,0.003316893,0.03240448
317,2019-06-09,0.39455462,0.0063015413,0.59914386
318,2019-06-11,0.5126817,0.002781181,0.48453707
319,2019-06-12,0.9808549,0.0033838511,0.015761264
320,2019-06-13,0.53295875,0.07849364,0.3885476
321,2019-06-14,0.5195826,0.40508997,0.07532744
322,2019-06-17,0.42861548,0.061363135,0.5100214
323,2019-06-18,0.7504742,0.00445539,0.24507044
324,2019-06-19,0.95058036,0.004087536,0.045332108
325,2019-06-20,0.81230426,0.0034118183,0.18428397
326,2019-06-21,0.50787073,0.004367271,0.48776203
327,2019-06-24,0.49778816,0.0031208177,0.4990911
328,2019-06-25,0.5206521,0.0040624896,0.47528544
329,2019-06-26,0.82059026,0.0041364855,0.17527322
330,2019-06-27,0.97745496,0.0036812031,0.018863842
331,2019-06-28,0.5094264,0.16335393,0.32721964
332,2019-07-01,0.48597622,0.0038506954,0.51017314
333,2019-07-02,0.9522798,0.0040646503,0.04365553
334,2019-07-05,0.87378025,0.011215445,0.11500434
335,2019-07-06,0.98630273,0.0027256003,0.010971708
336,2019-07-08,0.04390653,0.0024952493,0.95359826
337,2019-07-10,0.4864462,0.002980373,0.51057345
338,2019-07-11,0.020515975,0.0026638515,0.9768201
339,2019-07-15,0.53464484,0.19255571,0.2727995
340,2019-07-16,0.011368489,0.0026762113,0.9859553
341,2019-07-17,0.4951418,0.046173334,0.45868486
342,2019-07-18,0.97973907,0.0036097416,0.016651101
343,2019-07-19,0.1041558,0.0034004343,0.8924438
344,2019-07-22,0.569795,0.003146304,0.4270587
345,2019-07-23,0.96460646,0.0035290858,0.03186448
346,2019-07-24,0.44135475,0.005239969,0.5534053
347,2019-07-25,0.58367413,0.0035585314,0.41276732
348,2019-07-26,0.81299186,0.007544508,0.17946365
349,2019-07-29,0.50087285,0.44317296,0.055954136
350,2019-07-30,0.98601246,0.0033086496,0.010678923
351,2019-07-31,0.49876317,0.002580131,0.49865672
352,2019-08-01,0.8069911,0.0036679842,0.18934095
353,2019-08-02,0.9261689,0.0035177688,0.07031326
354,2019-08-03,0.94206595,0.003327884,0.054606203
355,2019-08-04,0.035052642,0.010182955,0.95476437
356,2019-08-05,0.93829405,0.0035713245,0.058134567
357,2019-08-07,0.49514288,0.49386537,0.010991729
358,2019-08-08,0.90845644,0.0033697058,0.08817388
359,2019-08-10,0.97362757,0.003562023,0.0228104
360,2019-08-11,0.985692,0.003056055,0.011251903
361,2019-08-13,0.65482783,0.0045967363,0.3405754
362,2019-08-14,0.9346911,0.003308754,0.06200013
363,2019-08-15,0.5959981,0.004894766,0.3991071
364,2019-08-16,0.16395015,0.0035118326,0.832538
365,2019-08-19,0.82563925,0.0036972773,0.17066348
366,2019-08-20,0.07590311,0.0039225584,0.92017436
367,2019-08-21,0.9173684,0.0035324458,0.0790991
368,2019-08-22,0.759001,0.0048880316,0.23611099
369,2019-08-23,0.55333877,0.010871678,0.43578961
370,2019-08-26,0.56061214,0.0061946195,0.43319327
371,2019-08-27,0.51028466,0.00279567,0.4869196
372,2019-08-28,0.50045013,0.002906136,0.49664372
373,2019-08-29,0.9813591,0.0032267175,0.015414147
374,2019-08-30,0.5085961,0.0024843107,0.48891962
375,2019-09-01,0.15467414,0.003376727,0.8419491
376,2019-09-04,0.49558005,0.039855834,0.4645641
377,2019-09-05,0.4995967,0.0029430403,0.49746025
378,2019-09-07,0.9754658,0.0030733063,0.021460928
379,2019-09-08,0.9730738,0.0031185038,0.023807738
380,2019-09-09,0.538556,0.10904989,0.3523941
381,2019-09-10,0.5654064,0.34937364,0.08521998
382,2019-09-12,0.013163565,0.0028525642,0.9839839
383,2019-09-13,0.4880501,0.0053403582,0.50660956
384,2019-09-16,0.97817814,0.0030334396,0.018788463
385,2019-09-17,0.52280754,0.0030860044,0.4741064
386,2019-09-18,0.98195755,0.00418833,0.013854098
387,2019-09-19,0.17363477,0.004502155,0.82186306
388,2019-09-20,0.94310486,0.0047692233,0.052125867
389,2019-09-23,0.46975473,0.003751716,0.52649355
390,2019-09-24,0.9823036,0.0028659324,0.014830476
391,2019-09-25,0.9813223,0.002987241,0.015690528
392,2019-09-26,0.4636725,0.47248927,0.06383826
393,2019-09-27,0.5062845,0.0026870691,0.4910285
394,2019-09-30,0.98295915,0.0035065454,0.0135342125
395,2019-10-01,0.97807926,0.0029052785,0.0190155
396,2019-10-04,0.49651968,0.0039936546,0.49948663
397,2019-10-05,0.9722266,0.005183981,0.022589393
398,2019-10-06,0.9637921,0.0035515444,0.03265628
399,2019-10-07,0.9591798,0.003623634,0.037196513
400,2019-10-09,0.9599143,0.0028506606,0.03723505
401,2019-10-10,0.41276425,0.005970618,0.58126515
402,2019-10-12,0.9699304,0.0035379895,0.026531566
403,2019-10-14,0.76039135,0.0042631663,0.23534548
404,2019-10-15,0.49772725,0.003254598,0.4990182
405,2019-10-16,0.80802155,0.0047761914,0.18720227
406,2019-10-17,0.50451976,0.336211,0.15926932
407,2019-10-18,0.5373301,0.0065958444,0.4560741
408,2019-10-21,0.92577845,0.0034152393,0.07080637
409,2019-10-22,0.980167,0.003956563,0.015876465
410,2019-10-23,0.82621396,0.0038241069,0.16996194
411,2019-10-24,0.63783133,0.0036483142,0.35852036
412,2019-10-25,0.5072164,0.021095324,0.4716883
413,2019-10-28,0.983662,0.0032067522,0.013131252
414,2019-10-29,0.97927916,0.0031376928,0.01758313
415,2019-10-30,0.9461698,0.00409655,0.04973364
416,2019-10-31,0.78569365,0.0036017823,0.21070452
417,2019-11-01,0.5504116,0.0031433748,0.44644502
418,2019-11-02,0.98388505,0.003128774,0.012986168
419,2019-11-03,0.494432,0.0033775554,0.5021905
420,2019-11-04,0.9267905,0.0031018509,0.07010767
421,2019-11-06,0.49598444,0.0037259576,0.5002896
422,2019-11-07,0.03926251,0.36163896,0.59909844
423,2019-11-09,0.96419847,0.0032920805,0.032509454
424,2019-11-10,0.50291395,0.00416301,0.49292314
425,2019-11-11,0.8973663,0.0038624732,0.09877124
426,2019-11-12,0.95911705,0.0047266767,0.036156293
427,2019-11-13,0.97153497,0.0038055736,0.024659377
428,2019-11-14,0.3343356,0.008932554,0.65673184
429,2019-11-15,0.9869429,0.0029812339,0.010075897
430,2019-11-18,0.0445527,0.0027815087,0.9526658
431,2019-11-19,0.4594319,0.0040983367,0.53646976
432,2019-11-20,0.8350246,0.13247505,0.032500315
433,2019-11-21,0.9422344,0.0065635275,0.05120203
434,2019-11-22,0.981279,0.0033351895,0.015385782
435,2019-11-25,0.92433655,0.004080971,0.07158245
436,2019-11-26,0.52937794,0.009886493,0.46073556
437,2019-11-27,0.6828554,0.006821164,0.31032345
438,2019-11-28,0.50383556,0.008114329,0.48805013
439,2019-11-29,0.9823694,0.0032894816,0.014341101
440,2019-12-02,0.7647271,0.0049856035,0.2302873
441,2019-12-03,0.4991558,0.003549905,0.4972943
442,2019-12-04,0.310232,0.004485327,0.6852827
443,2019-12-06,0.48857677,0.002598571,0.50882465
444,2019-12-07,0.8581114,0.003826865,0.1380617
445,2019-12-08,0.85952467,0.0054414524,0.1350339
446,2019-12-09,0.572808,0.35586601,0.07132592
447,2019-12-11,0.5199608,0.0030072758,0.47703192
448,2019-12-12,0.014647344,0.0028060311,0.9825466
449,2019-12-13,0.93015134,0.0044262465,0.06542239
450,2019-12-16,0.88744307,0.0039004227,0.10865655
451,2019-12-17,0.22303759,0.34561533,0.43134713
452,2019-12-18,0.65829116,0.15268064,0.18902817
453,2019-12-19,0.9496701,0.002980146,0.04734982
454,2019-12-20,0.4954768,0.0037865867,0.50073653
455,2019-12-23,0.4146031,0.003915527,0.5814814
456,2019-12-24,0.46091792,0.48229817,0.056783892
457,2019-12-25,0.48722935,0.0028512774,0.5099194
458,2019-12-26,0.93815464,0.0036315531,0.058213823
459,2019-12-27,0.6152197,0.0036521065,0.38112822
460,2019-12-30,0.9827167,0.0029646708,0.014318604
461,2019-12-31,0.9449967,0.003089014,0.051914334
462,2020-01-01,0.7327638,0.003348554,0.2638876
463,2020-01-04,0.98149496,0.0028680288,0.015637014
464,2020-01-05,0.5008696,0.0027794444,0.49635094
465,2020-01-06,0.9791497,0.0035630683,0.017287258
466,2020-01-07,0.5094418,0.0029001203,0.487658
467,2020-01-09,0.95186466,0.003194924,0.044940423
468,2020-01-10,0.49767256,0.0028814855,0.49944597
469,2020-01-12,0.52115726,0.0033641593,0.47547862
470,2020-01-13,0.78118056,0.005337134,0.21348229
471,2020-01-14,0.77178407,0.0053470833,0.22286884
472,2020-01-15,0.5160131,0.0028950842,0.48109186
473,2020-01-16,0.751125,0.0039812243,0.2448938
474,2020-01-17,0.51394486,0.087755404,0.39829975
475,2020-01-20,0.8926045,0.0036802492,0.10371531
476,2020-01-21,0.44915682,0.0040434315,0.5467997
477,2020-01-22,0.98524475,0.0031893612,0.01156583
478,2020-01-23,0.94293106,0.0047739847,0.052294936
479,2020-01-24,0.979512,0.0036236881,0.016864367
480,2020-01-27,0.8021352,0.0037459224,0.19411886
481,2020-01-28,0.9789363,0.0026990413,0.018364644
482,2020-01-29,0.9784905,0.004514904,0.016994618
483,2020-01-30,0.85490525,0.008159032,0.1369357
484,2020-01-31,0.50324625,0.0026426713,0.49411106
485,2020-02-01,0.24888985,0.0036027192,0.74750745
486,2020-02-03,0.51947117,0.0030820798,0.4774468
487,2020-02-04,0.985021,0.0035022371,0.01147671
488,2020-02-06,0.47417027,0.0030419077,0.52278787
489,2020-02-07,0.13189149,0.005144269,0.8629642
490,2020-02-09,0.97581506,0.0027305102,0.02145444
491,2020-02-10,0.55805564,0.0033859015,0.4385584
492,2020-02-11,0.9792042,0.0038926948,0.016903039
493,2020-02-12,0.90724486,0.05171608,0.041038983
494,2020-02-13,0.98237556,0.003179784,0.014444677
495,2020-02-14,0.24094184,0.0045941193,0.75446403
496,2020-02-17,0.9337484,0.0048828744,0.061368752
497,2020-02-18,0.9798838,0.0031849202,0.016931254
498,2020-02-19,0.9772078,0.003059616,0.019732514
499,2020-02-20,0.43665344,0.0031666537,0.56017995
500,2020-02-21,0.965739,0.003488853,0.030772112
501,2020-02-24,0.49463964,0.0028406316,0.50251967
502,2020-02-25,0.97358716,0.00284078,0.023571989
503,2020-02-26,0.50066245,0.0027699694,0.4965676
504,2020-02-27,0.61934376,0.0037253522,0.3769309
505,2020-02-28,0.9762331,0.0027305195,0.0210364
506,2020-03-01,0.95135665,0.0029755807,0.045667745
507,2020-03-02,0.9816905,0.0030391398,0.01527032
508,2020-03-03,0.36100385,0.0034011984,0.63559496
509,2020-03-04,0.92257524,0.010150985,0.06727374
510,2020-03-06,0.6787028,0.004041474,0.31725574
511,2020-03-07,0.8958286,0.003798096,0.10037335
512,2020-03-08,0.49801219,0.020968478,0.48101932
513,2020-03-09,0.8828092,0.0038432118,0.113347605
514,2020-03-11,0.3434009,0.5628336,0.09376542
515,2020-03-12,0.58069265,0.016790211,0.40251714
516,2020-03-13,0.4973178,0.002739483,0.4999427
517,2020-03-16,0.7153263,0.00404018,0.28063345
518,2020-03-17,0.6707602,0.003394526,0.32584518
519,2020-03-18,0.49970248,0.0026068313,0.49769074
520,2020-03-19,0.5560365,0.0031064523,0.4408571
521,2020-03-20,0.085900545,0.003291469,0.910808
522,2020-03-23,0.42485756,0.006611959,0.5685305
523,2020-03-24,0.7409711,0.004711538,0.25431737
524,2020-03-25,0.03245678,0.0036777398,0.9638655
525,2020-03-26,0.9800099,0.0029658766,0.01702422
526,2020-03-27,0.98069215,0.0029669872,0.016340822
527,2020-03-30,0.9401988,0.0036354049,0.056165837
528,2020-03-31,0.9836757,0.003808544,0.012515748
529,2020-04-02,0.8670636,0.0034472896,0.1294891
530,2020-04-03,0.74714816,0.004470284,0.24838157
531,2020-04-05,0.93950236,0.0031369415,0.057360653
532,2020-04-06,0.018133452,0.46058026,0.52128625
533,2020-04-08,0.49055955,0.0031075524,0.50633293
534,2020-04-09,0.97481185,0.004136491,0.021051625
535,2020-04-11,0.9821825,0.0033173384,0.014500096
536,2020-04-12,0.16978152,0.0035915193,0.826627
537,2020-04-13,0.97368795,0.011582114,0.014729876
538,2020-04-14,0.9431379,0.004529861,0.05233223
539,2020-04-15,0.9430834,0.0034911698,0.053425413
540,2020-04-16,0.70072454,0.0041695544,0.29510593
541,2020-04-17,0.8907751,0.0044660755,0.10475884
542,2020-04-20,0.94869757,0.0031240038,0.048178528
543,2020-04-21,0.96434295,0.00342783,0.032229185
544,2020-04-22,0.970407,0.0033605644,0.026232406
545,2020-04-23,0.8443612,0.0038328182,0.151806
546,2020-04-24,0.5568267,0.0033063656,0.43986687
547,2020-04-27,0.5049151,0.063219555,0.43186533
548,2020-04-28,0.5006119,0.0026954617,0.4966926
549,2020-04-29,0.9568665,0.0033292058,0.03980434
550,2020-04-30,0.40685472,0.008073235,0.585072
551,2020-05-02,0.39883825,0.029760854,0.5714009
552,2020-05-03,0.4982356,0.46613485,0.035629556
553,2020-05-05,0.40228158,0.0037373037,0.5939811
554,2020-05-08,0.6013471,0.0037113607,0.3949415
555,2020-05-10,0.7064261,0.006244587,0.28732932
556,2020-05-11,0.48972902,0.0025323555,0.5077386
557,2020-05-13,0.9785582,0.0035079378,0.017933913
558,2020-05-14,0.9537871,0.0033846209,0.042828333
559,2020-05-15,0.9781543,0.0027993098,0.019046394
560,2020-05-18,0.31195945,0.06562487,0.62241566
561,2020-05-20,0.5221595,0.0026024687,0.47523803
562,2020-05-21,0.2868946,0.0046562417,0.7084491
563,2020-05-22,0.9849694,0.0030562552,0.0119743515
564,2020-05-25,0.9835558,0.003243256,0.013200941
565,2020-05-26,0.6449227,0.0035212557,0.35155603
566,2020-05-27,0.8806157,0.003594358,0.115789965
567,2020-05-28,0.9417528,0.0031683585,0.055078883
568,2020-05-29,0.9602685,0.0032747458,0.03645673
569,2020-06-01,0.85186875,0.0050073895,0.14312384
570,2020-06-02,0.9540616,0.0032303769,0.042708013
571,2020-06-03,0.36316377,0.00417751,0.6326587
572,2020-06-04,0.92225635,0.003960014,0.07378364
573,2020-06-05,0.92127156,0.003496163,0.075232305
574,2020-06-07,0.306684,0.4975561,0.19575995
575,2020-06-08,0.2694102,0.0041320585,0.7264577
576,2020-06-10,0.9636259,0.0036049313,0.032769155
577,2020-06-11,0.5134203,0.0036445963,0.4829351
578,2020-06-15,0.5141133,0.3891168,0.09676991
579,2020-06-16,0.6725534,0.0035205493,0.323926
580,2020-06-17,0.49949464,0.0025401376,0.49796516
581,2020-06-18,0.98754203,0.0031717776,0.009286137
582,2020-06-19,0.47270146,0.0039344793,0.52336407
583,2020-06-22,0.6389585,0.006919399,0.35412204
584,2020-06-23,0.8668426,0.0042724544,0.12888491
585,2020-06-24,0.5007717,0.0030482125,0.4961801
586,2020-06-25,0.78134024,0.042496458,0.17616332
587,2020-06-26,0.87363267,0.0036808895,0.122686476
588,2020-06-29,0.9813467,0.0034429568,0.015210355
589,2020-06-30,0.6431378,0.16979915,0.18706307
590,2020-07-01,0.56850564,0.003485777,0.42800853
591,2020-07-02,0.9185271,0.004676196,0.076796725
592,2020-07-04,0.9752575,0.0038518058,0.0208907
593,2020-07-05,0.98327965,0.0035995112,0.013120893
594,2020-07-07,0.67955387,0.004854082,0.31559205
595,2020-07-08,0.9845507,0.002889977,0.012559254
596,2020-07-09,0.52465194,0.0030737305,0.47227427
597,2020-07-10,0.9815253,0.003450457,0.015024283
598,2020-07-12,0.4924903,0.4980145,0.009495265
599,2020-07-13,0.25764686,0.0043039904,0.73804915
600,2020-07-14,0.5107499,0.0029459829,0.48630416
601,2020-07-15,0.45592627,0.0032237293,0.54085
602,2020-07-16,0.54961616,0.0033992669,0.4469846
603,2020-07-17,0.7887707,0.0035353722,0.20769393
604,2020-07-20,0.50545895,0.0028839551,0.49165714
605,2020-07-21,0.3802757,0.0038796053,0.61584467
606,2020-07-22,0.45894626,0.0034773247,0.5375764
607,2020-07-23,0.5076611,0.0027499371,0.48958895
608,2020-07-24,0.933351,0.0032620775,0.06338696
609,2020-07-27,0.9214755,0.0032586716,0.07526578
610,2020-07-28,0.18257847,0.028971827,0.78844976
611,2020-07-29,0.50092024,0.0032901238,0.4957897
612,2020-07-30,0.96758616,0.0036181198,0.028795695
613,2020-07-31,0.9743788,0.009817642,0.015803536
614,2020-08-01,0.74444896,0.003777419,0.25177363
615,2020-08-04,0.9807327,0.0033324533,0.015934926
616,2020-08-05,0.26074234,0.0031770228,0.73608065
617,2020-08-06,0.42265657,0.0037097153,0.5736337
618,2020-08-07,0.40013295,0.00548899,0.59437805
619,2020-08-09,0.49432606,0.49686903,0.008804937
620,2020-08-10,0.014787808,0.4958659,0.48934636
621,2020-08-12,0.9350902,0.019683402,0.04522645
622,2020-08-13,0.7684535,0.004461876,0.22708468
623,2020-08-14,0.011211328,0.0032125413,0.9855761
624,2020-08-17,0.43223667,0.037153,0.5306103
625,2020-08-18,0.19375336,0.0034183334,0.8028283
626,2020-08-19,0.94671524,0.012442796,0.040841915
627,2020-08-20,0.97735906,0.0030084895,0.019632451
628,2020-08-21,0.9871033,0.0031643626,0.0097323945
629,2020-08-24,0.9824485,0.004489895,0.013061661
630,2020-08-25,0.5087458,0.0073439986,0.4839102
631,2020-08-26,0.18922104,0.0034696674,0.80730927
632,2020-08-27,0.5902137,0.004238545,0.4055478
633,2020-08-28,0.58779854,0.003701313,0.4085001
634,2020-08-31,0.9650413,0.0036103951,0.031348396
635,2020-09-01,0.4985119,0.0024923298,0.49899572
636,2020-09-03,0.48968643,0.0045976834,0.50571585
637,2020-09-04,0.6815718,0.012959201,0.30546904
638,2020-09-06,0.7290493,0.004305235,0.26664546
639,2020-09-07,0.0895883,0.0029019178,0.9075098
640,2020-09-09,0.9828202,0.0043485574,0.012831165
641,2020-09-10,0.494074,0.002578291,0.5033477
642,2020-09-11,0.49366212,0.002806902,0.503531
643,2020-09-12,0.10387431,0.003428864,0.8926968
644,2020-09-14,0.9772266,0.0029944212,0.019779015
645,2020-09-15,0.109785885,0.002918108,0.8872961
646,2020-09-16,0.4945462,0.44145545,0.063998334
647,2020-09-17,0.89942336,0.0036189528,0.09695777
648,2020-09-18,0.5262801,0.0027482281,0.4709717
649,2020-09-21,0.9842888,0.0029490222,0.012762125
650,2020-09-22,0.47972125,0.0044496045,0.51582915
651,2020-09-23,0.60175526,0.0033018691,0.39494288
652,2020-09-24,0.98615533,0.003115173,0.010729511
653,2020-09-25,0.50881803,0.0027652178,0.4884168
654,2020-09-28,0.5097115,0.0026271942,0.48766127
655,2020-09-29,0.98487806,0.0031991475,0.011922801
656,2020-10-01,0.5195217,0.0073112017,0.47316706
657,2020-10-02,0.6393073,0.004220656,0.35647205
658,2020-10-03,0.98331106,0.0030449445,0.013643997
659,2020-10-04,0.9803078,0.0030570857,0.016635155
660,2020-10-06,0.7448987,0.0037270235,0.25137427
661,2020-10-07,0.49767566,0.0027818452,0.49954247
662,2020-10-08,0.68436074,0.032357305,0.28328192
663,2020-10-09,0.012119379,0.0032634668,0.9846171
664,2020-10-11,0.048210584,0.14952008,0.8022694
665,2020-10-12,0.68617535,0.005840315,0.30798432
666,2020-10-13,0.9045009,0.0033465005,0.09215258
667,2020-10-15,0.98025274,0.003218138,0.016529107
668,2020-10-16,0.784932,0.0128430715,0.20222488
669,2020-10-19,0.49405974,0.0030573898,0.50288284
670,2020-10-20,0.97864294,0.003927297,0.017429758
671,2020-10-21,0.50636345,0.0025935152,0.49104303
672,2020-10-22,0.4980712,0.03868843,0.46324036
673,2020-10-23,0.5527749,0.0035095862,0.44371554
674,2020-10-26,0.9574923,0.0033954387,0.039112255
675,2020-10-27,0.97261274,0.0032128815,0.024174359
676,2020-10-28,0.46176317,0.0030518519,0.535185
677,2020-10-29,0.5679963,0.007028342,0.42497537
678,2020-10-30,0.968367,0.0028623957,0.0287706
679,2020-11-02,0.92481154,0.0032966402,0.07189183
680,2020-11-03,0.717033,0.005939476,0.27702752
681,2020-11-05,0.9738834,0.0047180024,0.021398675
682,2020-11-06,0.030346224,0.0024677902,0.967186
683,2020-11-08,0.98650193,0.0028323536,0.01066573
684,2020-11-09,0.6213449,0.0039944015,0.37466073
685,2020-11-11,0.5390212,0.004709372,0.45626947
686,2020-11-12,0.51350147,0.003059247,0.4834393
687,2020-11-13,0.9680041,0.0039652158,0.028030712
688,2020-11-16,0.7764835,0.0041862633,0.21933028
689,2020-11-17,0.9829731,0.00396123,0.013065685
690,2020-11-18,0.98302704,0.0033181312,0.01365483
691,2020-11-19,0.9857601,0.0029551566,0.011284764
692,2020-11-20,0.04249856,0.006884538,0.95061696
693,2020-11-23,0.30897522,0.0059917956,0.68503296
694,2020-11-24,0.9335286,0.0035112174,0.06296014
695,2020-11-25,0.808121,0.005268854,0.18661016
696,2020-11-26,0.9650494,0.0031717615,0.031778846
697,2020-11-27,0.5527959,0.11246949,0.33473456
698,2020-11-30,0.5092238,0.02254679,0.4682294
699,2020-12-02,0.9139111,0.0034018848,0.08268699
700,2020-12-03,0.9451196,0.0037405603,0.051139846
701,2020-12-05,0.605438,0.0038801143,0.39068192
702,2020-12-06,0.6416096,0.0034941167,0.35489625
703,2020-12-08,0.97159225,0.0026608924,0.025746841
704,2020-12-10,0.9429842,0.0055378694,0.05147794
705,2020-12-11,0.9533727,0.0033081716,0.043319136
706,2020-12-14,0.57641065,0.010630328,0.41295904
707,2020-12-15,0.011475392,0.0025013406,0.98602325
708,2020-12-16,0.75700223,0.002992463,0.24000528
709,2020-12-17,0.9583112,0.004651988,0.03703682
710,2020-12-18,0.97814184,0.0036251594,0.01823298
711,2020-12-21,0.6175668,0.004317364,0.37811586
712,2020-12-22,0.6055214,0.003586154,0.39089242
713,2020-12-23,0.98284954,0.0029206052,0.014229896
714,2020-12-24,0.498521,0.0025801365,0.49889892
715,2020-12-28,0.96052074,0.0036990526,0.035780203
716,2020-12-29,0.95453876,0.0037245536,0.041736715
717,2020-12-30,0.071642816,0.0041199876,0.92423725
718,2020-12-31,0.97720397,0.0028773844,0.019918611
719,2021-01-01,0.9689547,0.003429404,0.027615977
720,2021-01-02,0.5578001,0.004364543,0.43783528
721,2021-01-03,0.53177553,0.0034086383,0.46481588
722,2021-01-04,0.41510087,0.14902478,0.43587428
723,2021-01-06,0.48575532,0.0028507826,0.5113939
724,2021-01-07,0.9451107,0.0032788701,0.051610403
725,2021-01-09,0.49231353,0.49596512,0.011721401
726,2021-01-10,0.9854931,0.0028996267,0.011607237
727,2021-01-11,0.929881,0.0032392032,0.06687976
728,2021-01-12,0.8884373,0.0036100582,0.10795265
729,2021-01-13,0.50688696,0.0028921678,0.49022087
730,2021-01-14,0.97152,0.004488771,0.023991134
731,2021-01-15,0.29611838,0.0043039136,0.69957775
732,2021-01-18,0.55156744,0.0038302767,0.4446023
733,2021-01-19,0.981339,0.0030625912,0.01559839
734,2021-01-20,0.1515126,0.0034507196,0.84503675
735,2021-01-21,0.5630206,0.03401658,0.40296286
736,2021-01-22,0.95677257,0.0030376227,0.040189732
737,2021-01-25,0.8435721,0.0033704245,0.1530575
738,2021-01-26,0.9051657,0.0044960366,0.09033833
739,2021-01-27,0.5251333,0.002942269,0.47192433
740,2021-01-28,0.97647345,0.0028775842,0.020648932
741,2021-01-29,0.98331785,0.0031229884,0.013559161
742,2021-02-02,0.11077036,0.006243201,0.8829864
743,2021-02-03,0.978875,0.003221619,0.017903393
744,2021-02-04,0.16146258,0.0036670715,0.8348704
745,2021-02-06,0.34304944,0.4940638,0.16288675
746,2021-02-07,0.92218286,0.0038044073,0.07401271
747,2021-02-08,0.88241065,0.0042757844,0.11331355
748,2021-02-09,0.029593738,0.003160815,0.9672454
749,2021-02-11,0.4955747,0.0025376244,0.5018877
750,2021-02-12,0.50813365,0.0032334295,0.48863295
751,2021-02-15,0.15100488,0.0041366396,0.84485847
752,2021-02-16,0.4722632,0.09991812,0.42781878
753,2021-02-17,0.038809057,0.0042452756,0.95694566
754,2021-02-18,0.49839768,0.00279955,0.4988028
755,2021-02-19,0.57100284,0.0030293358,0.4259678
756,2021-02-22,0.50035983,0.0035467427,0.4960934
757,2021-02-23,0.7305197,0.004255047,0.26522523
758,2021-02-24,0.5532245,0.42430106,0.02247448
759,2021-02-25,0.48715732,0.0026044347,0.5102383
760,2021-02-26,0.9837604,0.0033797165,0.01285981
761,2021-03-02,0.06714087,0.0030874324,0.9297718
762,2021-03-03,0.35260624,0.0036489326,0.64374477
763,2021-03-05,0.9788285,0.003459908,0.017711576
764,2021-03-06,0.9469169,0.0034752279,0.049607877
765,2021-03-08,0.5275773,0.0051248427,0.46729782
766,2021-03-09,0.98524886,0.0036100764,0.011141092
767,2021-03-11,0.78639495,0.054714635,0.15889037
768,2021-03-12,0.51507276,0.0029316493,0.48199555
769,2021-03-15,0.9803835,0.0031350672,0.016481426
770,2021-03-16,0.7491504,0.0036292123,0.24722037
771,2021-03-17,0.5114324,0.004606628,0.48396102
772,2021-03-18,0.96804595,0.0032044086,0.028749678
773,2021-03-19,0.8936646,0.0037480257,0.1025873
774,2021-03-22,0.39840686,0.48902142,0.112571664
775,2021-03-23,0.017450515,0.4968173,0.4857322
776,2021-03-24,0.44771376,0.0033995518,0.54888666
777,2021-03-25,0.9558785,0.0032091301,0.040912297
778,2021-03-26,0.867548,0.0035996726,0.12885228
779,2021-03-29,0.49498162,0.49538463,0.00963373
780,2021-03-30,0.14674444,0.500414,0.35284156
781,2021-03-31,0.5093397,0.0034402623,0.48722
782,2021-04-01,0.49101186,0.0025971031,0.5063911
783,2021-04-02,0.8422707,0.05651259,0.10121669
784,2021-04-03,0.5220849,0.0028536296,0.47506145
785,2021-04-05,0.50343883,0.0026104175,0.49395075
786,2021-04-06,0.50269896,0.004539797,0.49276122
787,2021-04-08,0.035238348,0.23689424,0.7278674
788,2021-04-10,0.9766216,0.0026514088,0.02072703
789,2021-04-11,0.97439575,0.00381818,0.021786062
790,2021-04-13,0.5249904,0.002678568,0.47233105
791,2021-04-14,0.06616469,0.0036393558,0.930196
792,2021-04-15,0.72196835,0.0038334047,0.2741982
793,2021-04-16,0.12696224,0.0033014924,0.8697363
794,2021-04-19,0.98465514,0.0033791414,0.011965673
795,2021-04-20,0.60208994,0.004030318,0.39387974
796,2021-04-21,0.96805215,0.0030785988,0.028869197
797,2021-04-22,0.8605927,0.0053336583,0.13407359
798,2021-04-23,0.4369429,0.0037341313,0.55932295
799,2021-04-26,0.9794506,0.0031996407,0.017349742
800,2021-04-27,0.50083095,0.0037925146,0.4953766
801,2021-04-28,0.95539105,0.004110988,0.040497944
802,2021-04-29,0.5072399,0.37598917,0.11677097
803,2021-04-30,0.4874003,0.007655935,0.5049437
804,2021-05-01,0.9868003,0.0034371892,0.009762532
805,2021-05-02,0.7972088,0.0043829563,0.19840822
806,2021-05-03,0.72374815,0.003521275,0.27273053
807,2021-05-04,0.97420144,0.0033582915,0.022440217
808,2021-05-05,0.028860569,0.4050922,0.5660472
809,2021-05-07,0.62232953,0.008391663,0.36927873
810,2021-05-08,0.38124445,0.4416729,0.17708266
811,2021-05-10,0.96107745,0.0043854434,0.034537137
812,2021-05-11,0.97887653,0.0029506432,0.01817281
813,2021-05-13,0.07079404,0.0031432714,0.9260627
814,2021-05-14,0.9822416,0.0028992034,0.014859183
815,2021-05-17,0.41494954,0.0056841774,0.5793663
816,2021-05-18,0.85357434,0.0037271117,0.14269856
817,2021-05-19,0.6919147,0.0043356656,0.30374965
818,2021-05-20,0.9314864,0.003924957,0.06458861
819,2021-05-21,0.022250405,0.0024693091,0.9752803
820,2021-05-24,0.49414995,0.0076767234,0.4981733
821,2021-05-25,0.5628159,0.004077243,0.4331069
822,2021-05-26,0.44024703,0.075944096,0.48380893
823,2021-05-27,0.95196366,0.004742263,0.043294087
824,2021-05-28,0.88225126,0.003727975,0.11402079
825,2021-05-31,0.32720813,0.3682183,0.30457354
826,2021-06-01,0.98459387,0.0030094841,0.012396641
827,2021-06-04,0.9524493,0.008416778,0.039133884
828,2021-06-05,0.015620768,0.002566794,0.9818124
829,2021-06-07,0.9764688,0.0034878387,0.020043362
830,2021-06-08,0.51044893,0.002739184,0.48681188
831,2021-06-09,0.40312883,0.0033802246,0.5934909
832,2021-06-10,0.97670424,0.0029101416,0.02038568
833,2021-06-12,0.98262703,0.003342767,0.014030264
834,2021-06-14,0.054517943,0.49375457,0.45172745
835,2021-06-15,0.6034167,0.007329218,0.38925412
836,2021-06-16,0.67171603,0.0036236718,0.32466036
837,2021-06-17,0.9626001,0.0030723289,0.03432753
838,2021-06-18,0.57306707,0.0049676546,0.42196527
839,2021-06-21,0.944207,0.0033754192,0.052417547
840,2021-06-22,0.98335767,0.0028884143,0.01375395
841,2021-06-23,0.49274373,0.0028091366,0.5044471
842,2021-06-24,0.4159869,0.0040705237,0.5799426
843,2021-06-25,0.9832901,0.0027720002,0.0139378905
844,2021-06-28,0.65062696,0.0058889887,0.34348407
845,2021-06-29,0.9595057,0.003708342,0.036785953
846,2021-06-30,0.028895367,0.5007374,0.47036725
847,2021-07-01,0.49905965,0.0026497701,0.49829054
848,2021-07-04,0.98307836,0.002818852,0.01410272
849,2021-07-05,0.11694359,0.0038130055,0.8792434
850,2021-07-06,0.9713739,0.0031022965,0.025523802
851,2021-07-07,0.8402531,0.0042396924,0.15550719
852,2021-07-09,0.47738522,0.003165423,0.51944935
853,2021-07-10,0.48692578,0.00492346,0.5081507
854,2021-07-12,0.0914181,0.0032142517,0.9053676
855,2021-07-13,0.9495707,0.0033259282,0.047103394
856,2021-07-14,0.5240392,0.0051185107,0.47084224
857,2021-07-15,0.49604893,0.0035876832,0.5003634
858,2021-07-16,0.39511302,0.005882657,0.59900427
859,2021-07-19,0.9860791,0.002953032,0.010967855
860,2021-07-20,0.82308865,0.008987274,0.1679241
861,2021-07-21,0.555275,0.0069004647,0.43782452
862,2021-07-22,0.9478169,0.0035560546,0.048627067
863,2021-07-23,0.97800386,0.0029303688,0.019065738
864,2021-07-26,0.47576421,0.22286463,0.3013712
865,2021-07-27,0.9857295,0.0028151167,0.011455399
866,2021-07-28,0.90363914,0.004573274,0.09178762
867,2021-07-29,0.4513819,0.0030000578,0.54561806
868,2021-07-30,0.68447214,0.25303403,0.062493794
869,2021-08-01,0.9810421,0.0030978213,0.015860042
870,2021-08-02,0.0130958315,0.0031302343,0.98377395
871,2021-08-03,0.9841417,0.0030518423,0.012806459
872,2021-08-06,0.09059236,0.002970899,0.9064367
873,2021-08-07,0.9833741,0.0026871029,0.013938827
874,2021-08-09,0.52206254,0.0040796488,0.47385782
875,2021-08-10,0.69955665,0.0045962483,0.2958471
876,2021-08-11,0.52651846,0.0042610737,0.46922052
877,2021-08-12,0.012274751,0.0063247895,0.9814005
878,2021-08-13,0.8653855,0.0038535653,0.13076094
879,2021-08-16,0.5554987,0.015851952,0.42864934
880,2021-08-17,0.70347524,0.0035419138,0.29298282
881,2021-08-18,0.97316086,0.0029233838,0.023915766
882,2021-08-19,0.96689785,0.003943948,0.029158207
883,2021-08-20,0.9405261,0.0036465786,0.055827346
884,2021-08-23,0.9500686,0.024019271,0.025912099
885,2021-08-24,0.19892684,0.0035584655,0.7975147
886,2021-08-25,0.4462938,0.010130692,0.54357547
887,2021-08-26,0.9852675,0.0029440857,0.011788446
888,2021-08-27,0.08167081,0.15955746,0.7587717
889,2021-08-30,0.98042405,0.0034200894,0.016155828
890,2021-08-31,0.5334139,0.003441175,0.46314496
891,2021-09-02,0.45406738,0.0038691184,0.54206353
892,2021-09-03,0.75547385,0.003883835,0.24064225
893,2021-09-04,0.95213413,0.0045991736,0.043266743
894,2021-09-06,0.8087971,0.010558239,0.18064466
895,2021-09-07,0.88499093,0.0034503718,0.11155865
896,2021-09-08,0.501393,0.0035598986,0.49504712
897,2021-09-09,0.95841503,0.013903067,0.027681932
898,2021-09-11,0.0142121,0.0025274886,0.9832604
899,2021-09-12,0.48080188,0.0048591164,0.51433897
900,2021-09-13,0.49696457,0.00793094,0.4951044
901,2021-09-14,0.94062793,0.0035788487,0.05579321
902,2021-09-15,0.40364754,0.0038902077,0.59246224
903,2021-09-16,0.9866742,0.0028354158,0.0104904175
904,2021-09-17,0.48619416,0.0029797798,0.5108261
905,2021-09-20,0.5258199,0.004806932,0.46937314
906,2021-09-21,0.9803531,0.0029046964,0.016742095
907,2021-09-22,0.98139954,0.002877778,0.015722737
908,2021-09-23,0.08573943,0.14486067,0.7693999
909,2021-09-24,0.9868817,0.0030173557,0.010100963
910,2021-09-27,0.49727646,0.0035761339,0.4991474
911,2021-09-28,0.07716048,0.003487945,0.9193516
912,2021-09-29,0.9832782,0.0029929474,0.013728798
913,2021-09-30,0.48866636,0.0032014525,0.50813216
914,2021-10-02,0.54338646,0.02402751,0.43258613
915,2021-10-03,0.7794095,0.17224593,0.048344515
916,2021-10-05,0.89858377,0.003718196,0.097697966
917,2021-10-06,0.38643748,0.003570849,0.60999167
918,2021-10-08,0.92343336,0.003599796,0.072966866
919,2021-10-09,0.5112013,0.0029940614,0.48580465
920,2021-10-11,0.49236563,0.4955243,0.012110058
921,2021-10-12,0.98526573,0.0033231883,0.011411078
922,2021-10-13,0.89498025,0.003765093,0.10125464
923,2021-10-14,0.3573513,0.0040913173,0.63855743
924,2021-10-15,0.22846666,0.0038114772,0.7677219
925,2021-10-18,0.10268188,0.002950434,0.8943677
926,2021-10-19,0.5413549,0.0037774444,0.45486766
927,2021-10-20,0.7167598,0.003776973,0.27946323
928,2021-10-21,0.97118056,0.003154453,0.025665002
929,2021-10-22,0.51406497,0.0026736131,0.48326144
930,2021-10-25,0.16517782,0.29359013,0.54123205
931,2021-10-26,0.97144306,0.0031294553,0.025427504
932,2021-10-27,0.98036027,0.0029282272,0.01671148
933,2021-10-28,0.50583625,0.0026203752,0.4915434
934,2021-10-29,0.88112843,0.010408024,0.10846355
935,2021-11-01,0.4499638,0.043538406,0.5064978
936,2021-11-02,0.5049859,0.05563379,0.43938038
937,2021-11-03,0.36085114,0.050589424,0.5885594
938,2021-11-05,0.6618816,0.0036016405,0.33451667
939,2021-11-06,0.56481063,0.0030947556,0.43209466
940,2021-11-08,0.78344333,0.0051747416,0.21138191
941,2021-11-10,0.5271732,0.0028648863,0.4699619
942,2021-11-11,0.35222137,0.0034447142,0.6443339
943,2021-11-15,0.96003866,0.0032122429,0.036748976
944,2021-11-16,0.49893156,0.00629499,0.49477348
945,2021-11-17,0.97526354,0.0030930373,0.021643408
946,2021-11-18,0.3360181,0.0032779796,0.66070396
947,2021-11-19,0.9582972,0.0033096331,0.03839313
948,2021-11-22,0.76274985,0.1496587,0.087591425
949,2021-11-23,0.88923,0.004034618,0.10673538
950,2021-11-24,0.017224472,0.002600622,0.98017496
951,2021-11-25,0.9500525,0.003352562,0.046594948
952,2021-11-26,0.9074125,0.0035311556,0.089056306
953,2021-11-27,0.49445355,0.48050094,0.025045546
954,2021-11-29,0.723369,0.004014494,0.2726165
955,2021-11-30,0.51202744,0.004562771,0.48340985
956,2021-12-01,0.5056377,0.0028158333,0.49154642
957,2021-12-02,0.9409591,0.0032822469,0.05575871
958,2021-12-03,0.9855182,0.0026945323,0.011787247
959,2021-12-04,0.80597496,0.0077860937,0.18623893
960,2021-12-05,0.9422337,0.0032651778,0.0545012
961,2021-12-07,0.72194743,0.0061506927,0.27190185
962,2021-12-08,0.50407755,0.0027325475,0.4931899
963,2021-12-10,0.46592158,0.002987519,0.53109086
964,2021-12-11,0.29109758,0.029826865,0.6790756
965,2021-12-13,0.04468558,0.0026226847,0.9526918
966,2021-12-14,0.49280134,0.4948116,0.01238705
967,2021-12-15,0.986566,0.0027740072,0.010659987
968,2021-12-16,0.9782064,0.0046947678,0.01709887
969,2021-12-17,0.50518805,0.22480153,0.27001044
970,2021-12-20,0.41043177,0.4754865,0.11408173
971,2021-12-21,0.12664713,0.0031988826,0.870154
972,2021-12-22,0.97246253,0.0032423562,0.024295121
973,2021-12-23,0.09206335,0.0031604897,0.90477616
974,2021-12-24,0.37981462,0.0043295114,0.6158559
975,2021-12-27,0.497838,0.0031548338,0.4990072
976,2021-12-28,0.8482141,0.003896208,0.14788973
977,2021-12-29,0.9750206,0.0035241195,0.0214553
978,2021-12-30,0.8948117,0.005094509,0.1000938
979,2021-12-31,0.016093757,0.0024129802,0.98149323
980,2022-01-02,0.50455344,0.0028315356,0.49261507
981,2022-01-03,0.49651426,0.48932916,0.01415655
982,2022-01-04,0.4603096,0.004572451,0.535118
983,2022-01-06,0.48339158,0.12921882,0.3873896
984,2022-01-07,0.049322974,0.48682207,0.463855
985,2022-01-08,0.5665758,0.0032855098,0.43013865
986,2022-01-09,0.97415453,0.0029756303,0.022869846
987,2022-01-11,0.16598645,0.0038050867,0.8302084
988,2022-01-12,0.8373022,0.0038387626,0.15885903
989,2022-01-13,0.5091603,0.002915047,0.48792467
990,2022-01-14,0.4813122,0.013647873,0.50503993
991,2022-01-17,0.14550672,0.0034778968,0.8510154
992,2022-01-18,0.9542769,0.0032226956,0.042500347
993,2022-01-19,0.830429,0.003983373,0.16558757
994,2022-01-20,0.9838308,0.002945451,0.013223785
995,2022-01-21,0.91328216,0.0036515198,0.083066285
996,2022-01-24,0.55318785,0.0035020143,0.4433101
997,2022-01-25,0.98665786,0.002889133,0.010453046
998,2022-01-26,0.88982433,0.0041257576,0.10604993
999,2022-01-27,0.9814446,0.0031714118,0.0153838955
1000,2022-01-28,0.97629976,0.0030194568,0.020680752
1001,2022-01-31,0.96190774,0.0030545793,0.03503775
1002,2022-02-02,0.07949603,0.004951977,0.915552
1003,2022-02-03,0.113428295,0.009276779,0.8772949
1004,2022-02-05,0.9718226,0.008922134,0.01925521
1005,2022-02-06,0.5043448,0.0030418173,0.49261335
1006,2022-02-08,0.80267775,0.0038741487,0.19344814
1007,2022-02-09,0.7252836,0.0042944993,0.27042183
1008,2022-02-11,0.5140178,0.0073529994,0.4786291
1009,2022-02-12,0.44002444,0.03164157,0.52833396
1010,2022-02-14,0.20487761,0.07002114,0.7251013
1011,2022-02-15,0.90980875,0.0035818077,0.08660949
1012,2022-02-16,0.8400805,0.0038175266,0.15610197
1013,2022-02-17,0.62386566,0.003821046,0.37231326
1014,2022-02-18,0.7041796,0.035615433,0.260205
1015,2022-02-21,0.66778344,0.0042732605,0.32794333
1016,2022-02-22,0.908955,0.0033215384,0.08772353
1017,2022-02-23,0.42170623,0.0033280826,0.57496566
1018,2022-02-24,0.65975666,0.0072287824,0.3330145
1019,2022-02-25,0.9760438,0.003093663,0.02086253
1020,2022-02-28,0.059158467,0.0046493784,0.93619215
1021,2022-03-01,0.8036976,0.00427943,0.192023
1022,2022-03-02,0.9638837,0.00378766,0.032328643
1023,2022-03-03,0.22248623,0.0041268826,0.7733869
1024,2022-03-05,0.63939,0.0039878585,0.35662216
1025,2022-03-06,0.6949054,0.004026255,0.30106837
1026,2022-03-08,0.9861895,0.0029020882,0.01090841
1027,2022-03-10,0.98316956,0.0026924638,0.01413797
1028,2022-03-11,0.48020473,0.49607256,0.023722703
1029,2022-03-14,0.93823063,0.003608712,0.058160648
1030,2022-03-15,0.59246916,0.0039867256,0.40354413
1031,2022-03-16,0.97097397,0.004572098,0.02445397
1032,2022-03-17,0.046964005,0.002648628,0.95038736
1033,2022-03-18,0.63070667,0.005010293,0.36428303
1034,2022-03-21,0.95340204,0.003971813,0.042626172
1035,2022-03-22,0.9504236,0.0036788802,0.04589743
1036,2022-03-23,0.97661895,0.0031608155,0.020220175
1037,2022-03-24,0.9767393,0.004153364,0.019107344
1038,2022-03-25,0.58840257,0.004908977,0.40668842
1039,2022-03-28,0.8286532,0.004245626,0.16710111
1040,2022-03-29,0.5009197,0.0030803648,0.49599993
1041,2022-03-30,0.97984195,0.002942276,0.01721587
1042,2022-03-31,0.98444986,0.0032238062,0.012326246
1043,2022-04-01,0.8685807,0.003551432,0.12786789
1044,2022-04-02,0.6723521,0.0037883322,0.3238596
1045,2022-04-03,0.49915078,0.0038337195,0.49701554
1046,2022-04-04,0.46850908,0.4629448,0.068546094
1047,2022-04-05,0.7001147,0.0044904402,0.2953948
1048,2022-04-07,0.9668609,0.008118196,0.02502096
1049,2022-04-08,0.40905103,0.0031762482,0.5877727
1050,2022-04-10,0.04201107,0.0026155883,0.95537335
1051,2022-04-11,0.93467104,0.0034726427,0.06185624
1052,2022-04-13,0.64759505,0.0041504567,0.34825447
1053,2022-04-14,0.49544895,0.49463543,0.009915611
1054,2022-04-15,0.97603977,0.003555046,0.02040515
1055,2022-04-18,0.9677203,0.003581631,0.028697975
1056,2022-04-19,0.93733716,0.0032639708,0.05939888
1057,2022-04-20,0.062384367,0.003560182,0.93405545
1058,2022-04-21,0.97963846,0.0027804375,0.017581087
1059,2022-04-22,0.5385968,0.0030711773,0.45833197
1060,2022-04-25,0.5818458,0.004379059,0.41377518
1061,2022-04-26,0.017573666,0.003212965,0.97921336
1062,2022-04-27,0.5015007,0.002532777,0.49596655
1063,2022-04-28,0.98132765,0.003419863,0.015252458
1064,2022-04-29,0.51033014,0.0687684,0.42090145
1065,2022-05-01,0.48398772,0.0027417736,0.5132705
1066,2022-05-04,0.45725867,0.008639423,0.53410196
1067,2022-05-05,0.13475053,0.0042990996,0.86095035
1068,2022-05-07,0.98092175,0.0029811976,0.016097
1069,2022-05-08,0.98291546,0.003078212,0.0140063325
1070,2022-05-09,0.033454847,0.0024789092,0.9640662
1071,2022-05-10,0.5404343,0.0033224346,0.4562433
1072,2022-05-12,0.6090396,0.14418274,0.24677768
1073,2022-05-13,0.9268876,0.009908969,0.063203454
1074,2022-05-16,0.9872465,0.0029980945,0.009755472
1075,2022-05-17,0.46202236,0.0045261593,0.53345144
1076,2022-05-18,0.5051949,0.002755154,0.49204993
1077,2022-05-19,0.50865746,0.0027251784,0.48861736
1078,2022-05-20,0.56637436,0.005677628,0.427948
1079,2022-05-23,0.98353183,0.0028311294,0.013637064
1080,2022-05-24,0.9806789,0.002967176,0.016353933
1081,2022-05-25,0.86298037,0.0039319736,0.13308759
1082,2022-05-26,0.55845267,0.007329885,0.43421748
1083,2022-05-27,0.46799433,0.008194272,0.52381134
1084,2022-05-30,0.6806009,0.0046510766,0.31474805
1085,2022-05-31,0.24848583,0.005001609,0.74651253
1086,2022-06-01,0.50351703,0.0029352726,0.49354765
1087,2022-06-04,0.13653675,0.0039451825,0.85951805
1088,2022-06-05,0.549454,0.0035631107,0.44698292
1089,2022-06-06,0.47684795,0.002676015,0.52047604
1090,2022-06-07,0.031174878,0.6704971,0.298328
1091,2022-06-09,0.49385723,0.0025259668,0.50361687
1092,2022-06-10,0.48461843,0.004015588,0.51136595
1093,2022-06-12,0.9710561,0.0028666498,0.02607723
1094,2022-06-13,0.560129,0.006783539,0.4330874
1095,2022-06-14,0.9449601,0.00815751,0.04688239
1096,2022-06-15,0.48428637,0.0027909111,0.5129227
1097,2022-06-16,0.9080157,0.0034470875,0.08853715
1098,2022-06-17,0.9670197,0.004408494,0.028571844
1099,2022-06-20,0.8309318,0.004090925,0.16497725
1100,2022-06-21,0.87591183,0.0035063757,0.120581746
1101,2022-06-22,0.49574754,0.0029189414,0.5013336
1102,2022-06-23,0.9204814,0.018803269,0.060715437
1103,2022-06-24,0.98494726,0.0029764117,0.01207637
1104,2022-06-27,0.9408023,0.003669938,0.05552782
1105,2022-06-28,0.50011927,0.0025937732,0.49728698
1106,2022-06-29,0.8776752,0.0039989683,0.11832583
1107,2022-06-30,0.9803139,0.00298348,0.016702617
1108,2022-07-01,0.92266303,0.0034602303,0.073876694
1109,2022-07-02,0.5009077,0.0031370325,0.49595526
1110,2022-07-03,0.5190541,0.0029310908,0.4780147
1111,2022-07-04,0.63853014,0.0033808327,0.35808903
1112,2022-07-06,0.98188174,0.0030899202,0.015028311
1113,2022-07-07,0.96607053,0.0028702705,0.03105915
1114,2022-07-09,0.9443153,0.005693876,0.04999086
1115,2022-07-10,0.20199144,0.0034704427,0.79453814
1116,2022-07-11,0.50031346,0.002731586,0.49695498
1117,2022-07-12,0.5026596,0.002857659,0.49448273
1118,2022-07-13,0.49957228,0.0026442294,0.49778348
1119,2022-07-14,0.49315235,0.002742358,0.5041053
1120,2022-07-15,0.5213828,0.019754436,0.45886266
1121,2022-07-18,0.76713586,0.0037053959,0.22915883
1122,2022-07-19,0.9875927,0.003304228,0.0091030905
1123,2022-07-20,0.6696656,0.003488557,0.32684582
1124,2022-07-21,0.9731653,0.0035798037,0.023254942
1125,2022-07-22,0.97305596,0.0027552138,0.024188783
1126,2022-07-25,0.9846419,0.002580381,0.012777645
1127,2022-07-26,0.95034564,0.004091959,0.045562413
1128,2022-07-27,0.6947805,0.0040918244,0.30112767
1129,2022-07-28,0.47904098,0.0029345783,0.51802444
1130,2022-07-29,0.46968916,0.03726397,0.49304682
1131,2022-08-02,0.81161815,0.0034832747,0.18489851
1132,2022-08-03,0.58352333,0.18028441,0.23619226
1133,2022-08-04,0.513511,0.003894824,0.48259422
1134,2022-08-06,0.98335147,0.0028970242,0.013751492
1135,2022-08-07,0.9756875,0.0033648596,0.02094769
1136,2022-08-08,0.694165,0.0034808572,0.30235413
1137,2022-08-09,0.1360441,0.0038761003,0.86007977
1138,2022-08-11,0.9590999,0.0032190147,0.03768119
1139,2022-08-12,0.5174162,0.0030242866,0.47955954
1140,2022-08-15,0.9799586,0.0026735044,0.017367914
1141,2022-08-16,0.9546542,0.0034406795,0.041905098
1142,2022-08-17,0.5058564,0.061805364,0.43233827
1143,2022-08-18,0.971499,0.003185186,0.025315799
1144,2022-08-19,0.79944736,0.004071824,0.19648083
1145,2022-08-22,0.49909112,0.0035128118,0.49739602
1146,2022-08-23,0.98345226,0.0032088428,0.013338874
1147,2022-08-24,0.9272027,0.004392386,0.06840485
1148,2022-08-25,0.6386133,0.0047490685,0.35663766
1149,2022-08-26,0.07867465,0.0035427094,0.91778266
1150,2022-08-29,0.9704659,0.0037594987,0.025774563
1151,2022-08-30,0.50357413,0.0059010424,0.49052483
1152,2022-08-31,0.50367385,0.01915978,0.47716632
1153,2022-09-02,0.1436486,0.46318725,0.39316416
1154,2022-09-03,0.13549991,0.0036099763,0.8608901
1155,2022-09-05,0.5021169,0.0027615565,0.49512154
1156,2022-09-06,0.49581298,0.0031446791,0.5010423
1157,2022-09-08,0.014134258,0.49582043,0.49004528
1158,2022-09-09,0.4789212,0.32030892,0.2007699
1159,2022-09-11,0.97668594,0.0033676105,0.019946426
1160,2022-09-12,0.98047817,0.0037799503,0.015741851
1161,2022-09-13,0.9684295,0.0029657916,0.02860472
1162,2022-09-14,0.40985623,0.00432729,0.5858165
1163,2022-09-15,0.9540251,0.0037037386,0.04227119
1164,2022-09-16,0.5187235,0.0028786226,0.4783979
1165,2022-09-19,0.500235,0.0026834884,0.4970815
1166,2022-09-20,0.97337085,0.0059942817,0.02063486
1167,2022-09-21,0.4622084,0.0039559244,0.5338357
1168,2022-09-22,0.6086025,0.0034543322,0.38794312
1169,2022-09-23,0.5224596,0.0030525867,0.47448784
1170,2022-09-26,0.9859506,0.003427127,0.010622303
1171,2022-09-27,0.47056937,0.0039287983,0.52550185
1172,2022-09-28,0.49569142,0.4946633,0.009645319
1173,2022-09-29,0.95896065,0.0030702269,0.03796916
1174,2022-09-30,0.5610002,0.004105062,0.43489474
1175,2022-10-01,0.9776218,0.003260332,0.01911787
1176,2022-10-02,0.5083085,0.0031788961,0.4885126
1177,2022-10-03,0.77738357,0.004180135,0.21843635
1178,2022-10-05,0.42859355,0.48608005,0.08532639
1179,2022-10-06,0.9137073,0.0037418636,0.08255084
1180,2022-10-08,0.54228455,0.0031608657,0.4545546
1181,2022-10-10,0.49970534,0.0025977842,0.49769685
1182,2022-10-11,0.7789229,0.00395032,0.21712679
1183,2022-10-13,0.79971504,0.00391658,0.19636843
1184,2022-10-14,0.18475665,0.0038217034,0.81142163
1185,2022-10-17,0.8286401,0.005337421,0.16602245
1186,2022-10-18,0.5215074,0.003605538,0.47488707
1187,2022-10-19,0.8667793,0.0077457493,0.12547491
1188,2022-10-20,0.9803276,0.0030325693,0.016639808
1189,2022-10-21,0.5099193,0.0034602187,0.4866204
1190,2022-10-24,0.49696347,0.0031591994,0.49987736
1191,2022-10-25,0.76827717,0.0037851557,0.2279376
1192,2022-10-26,0.9717903,0.0044308743,0.023778833
1193,2022-10-27,0.97748256,0.0028508543,0.019666582
1194,2022-10-28,0.56792533,0.002914457,0.42916024
1195,2022-10-31,0.7219157,0.0051890663,0.27289522
1196,2022-11-01,0.49998042,0.0024680917,0.4975515
1197,2022-11-02,0.9635532,0.0030790549,0.0333677
1198,2022-11-03,0.97689337,0.004024984,0.01908167
1199,2022-11-04,0.9112023,0.0036847908,0.08511287
1200,2022-11-05,0.6158362,0.004447528,0.37971625
1201,2022-11-07,0.644096,0.0033449074,0.35255912
1202,2022-11-08,0.77892256,0.006331845,0.2147456
1203,2022-11-10,0.9070097,0.0035915817,0.0893987
1204,2022-11-11,0.97345036,0.0026990687,0.023850583
1205,2022-11-14,0.50094503,0.0030531795,0.49600184
1206,2022-11-15,0.9011402,0.01972251,0.07913724
1207,2022-11-16,0.49207088,0.0035627086,0.5043664
1208,2022-11-17,0.21854421,0.004242352,0.77721345
1209,2022-11-18,0.55127376,0.025065152,0.42366117
1210,2022-11-21,0.49926642,0.004087439,0.49664617
1211,2022-11-22,0.5389282,0.0036809961,0.45739084
1212,2022-11-23,0.2523658,0.0067783548,0.7408558
1213,2022-11-24,0.49190828,0.0027566492,0.5053351
1214,2022-11-25,0.5033841,0.023664892,0.47295102
1215,2022-11-28,0.98054373,0.0028185002,0.01663778
1216,2022-11-29,0.55541575,0.0074991076,0.4370852
1217,2022-11-30,0.9751215,0.0034180474,0.021460418
1218,2022-12-01,0.035206974,0.0028318542,0.96196115
1219,2022-12-04,0.49822432,0.008583357,0.49319232
1220,2022-12-05,0.49820572,0.002702652,0.49909163
1221,2022-12-07,0.9672911,0.0030116513,0.029697202
1222,2022-12-08,0.68235743,0.21270989,0.10493271
1223,2022-12-09,0.9741038,0.0033767899,0.022519443
1224,2022-12-10,0.9302665,0.022125147,0.047608353
1225,2022-12-12,0.5885712,0.013316398,0.39811242
1226,2022-12-13,0.8212962,0.003696316,0.17500743
1227,2022-12-14,0.50632924,0.0029164553,0.49075434
1228,2022-12-15,0.81768364,0.0043202764,0.17799604
1229,2022-12-16,0.9649366,0.0031604369,0.031902976
1230,2022-12-19,0.025165502,0.0027230124,0.9721115
1231,2022-12-20,0.49711862,0.0035244313,0.49935693
1232,2022-12-21,0.024181556,0.0025622444,0.97325623
1233,2022-12-22,0.5388186,0.0046857097,0.4564957
1234,2022-12-23,0.22907782,0.0039034602,0.7670187
1235,2022-12-26,0.48178297,0.00273555,0.51548153
1236,2022-12-27,0.53091913,0.0029566293,0.46612424
1237,2022-12-28,0.88971615,0.004440707,0.10584321
1238,2022-12-29,0.4974811,0.0027003544,0.49981853
1239,2022-12-30,0.83473,0.0036754021,0.16159454
1240,2023-01-02,0.95913315,0.0032242823,0.03764255
1241,2023-01-03,0.22529054,0.00428956,0.77041996
1242,2023-01-05,0.98603487,0.0028384412,0.011126697
1243,2023-01-06,0.030275725,0.002860147,0.9668641
1244,2023-01-13,0.9741177,0.002867857,0.023014408
1245,2023-01-16,0.49816084,0.0027736202,0.49906552
1246,2023-01-17,0.9807389,0.0029778436,0.016283294
1247,2023-01-18,0.08989173,0.006097882,0.9040104
1248,2023-01-19,0.51042455,0.0028861712,0.48668924
1249,2023-01-20,0.4960488,0.0037099356,0.5002413
1250,2023-01-23,0.24252282,0.0031676686,0.75430954
1251,2023-01-24,0.027376741,0.0024715029,0.9701518
1252,2023-01-25,0.50130165,0.4848103,0.013888083
1253,2023-01-26,0.97737396,0.0032610865,0.019364944
1254,2023-01-27,0.37101153,0.008128028,0.62086046
1255,2023-01-30,0.49924248,0.0025812695,0.4981763
1256,2023-01-31,0.9823079,0.0029203,0.014771767
1257,2023-02-01,0.97770107,0.0032022293,0.019096676
1258,2023-02-02,0.5023573,0.0027609146,0.4948818
1259,2023-02-03,0.94476986,0.003962099,0.051268026
1260,2023-02-05,0.49666053,0.0027761743,0.5005633
1261,2023-02-06,0.91340065,0.0031685084,0.08343083
1262,2023-02-13,0.98583764,0.0031091396,0.011053222
1263,2023-02-14,0.7230425,0.0040896824,0.2728679
1264,2023-02-15,0.9591807,0.0036833575,0.037136003
1265,2023-02-16,0.037650898,0.4851106,0.47723848
1266,2023-02-17,0.97685903,0.0034699622,0.019670924
1267,2023-02-20,0.6741998,0.17058803,0.1552121
1268,2023-02-21,0.4934888,0.002883127,0.5036281
1269,2023-02-22,0.40239543,0.009483244,0.5881213
1270,2023-02-23,0.96059483,0.0031999866,0.036205176
1271,2023-02-24,0.9757681,0.0030389098,0.021193061
1272,2023-02-28,0.49082482,0.0031845449,0.5059906
1273,2023-03-01,0.49129573,0.0028062942,0.505898
1274,2023-03-02,0.8421789,0.026051847,0.13176927
1275,2023-03-03,0.41390586,0.069308534,0.51678556
1276,2023-03-04,0.6935789,0.0066395905,0.29978153
1277,2023-03-05,0.61465704,0.0037895439,0.3815534
1278,2023-03-13,0.49837673,0.0028437208,0.4987795
1279,2023-03-14,0.503903,0.0026397137,0.4934573
1280,2023-03-15,0.97756565,0.0032005385,0.01923381
1281,2023-03-16,0.98382354,0.003397129,0.01277937
1282,2023-03-17,0.50442183,0.0026732595,0.49290487
1283,2023-03-20,0.87287134,0.005465449,0.1216632
1284,2023-03-21,0.10036943,0.0031004478,0.8965301
1285,2023-03-22,0.53422266,0.003442505,0.46233484
1286,2023-03-23,0.08085477,0.0031367275,0.9160085
1287,2023-03-24,0.9762955,0.002942768,0.02076173
1288,2023-03-27,0.0060533527,0.9874178,0.006528706
1289,2023-03-28,0.98211205,0.0031198543,0.014768057
1290,2023-03-29,0.9373809,0.003247913,0.059371237
1291,2023-03-30,0.92513555,0.0032819775,0.07158248
1292,2023-03-31,0.49616742,0.49658695,0.007245641
1293,2023-04-01,0.6359515,0.0037229243,0.36032557
1294,2023-04-04,0.87808806,0.003442536,0.1184693
1295,2023-04-05,0.9622198,0.0031085669,0.034671646
1296,2023-04-13,0.49786687,0.48230237,0.019830847
1297,2023-04-14,0.5135743,0.00328635,0.48313937
1298,2023-04-17,0.65376747,0.29393104,0.05230152
1299,2023-04-18,0.9797138,0.002851413,0.017434817
1300,2023-04-19,0.79151607,0.0037785736,0.20470539
1301,2023-04-20,0.9835178,0.0028690798,0.013613066
1302,2023-04-21,0.97517407,0.0028204806,0.022005402
1303,2023-04-24,0.98697597,0.0031213732,0.009902684
1304,2023-04-25,0.97069424,0.003118699,0.02618704
1305,2023-04-26,0.986323,0.0036757346,0.010001257
1306,2023-04-27,0.2685716,0.004048358,0.72738004
1307,2023-04-28,0.18611668,0.019657653,0.7942257
1308,2023-05-01,0.81478107,0.0041085584,0.18111038
1309,2023-05-04,0.9861608,0.0030166665,0.010822551
1310,2023-05-05,0.49939048,0.0026491554,0.4979604
1311,2023-05-06,0.5063143,0.0031808265,0.4905049
1312,2023-05-15,0.97113883,0.0027413636,0.026119858
1313,2023-05-16,0.43331924,0.004470379,0.5622104
1314,2023-05-17,0.987504,0.0031501502,0.009345733
1315,2023-05-18,0.58155435,0.0039850445,0.41446063
1316,2023-05-19,0.9681727,0.003082685,0.028744575
1317,2023-05-22,0.80649287,0.0046133534,0.1888938
1318,2023-05-23,0.95832855,0.0028804028,0.038791064
1319,2023-05-29,0.8556338,0.003944063,0.14042218
1320,2023-05-30,0.98276806,0.003151475,0.014080437
1321,2023-05-31,0.49068275,0.0027732793,0.506544
1322,2023-06-01,0.6750767,0.0046018716,0.3203214
1323,2023-06-02,0.9612509,0.0037799482,0.034969173
1324,2023-06-03,0.6930712,0.0035231686,0.30340564
1325,2023-06-04,0.49357527,0.49237773,0.014047019
1326,2023-06-06,0.9417162,0.0034472374,0.054836582
1327,2023-06-13,0.52958864,0.0031610236,0.4672504
1328,2023-07-02,0.61819196,0.0041896896,0.37761834
1329,2023-07-03,0.5018268,0.0029209899,0.49525222
1330,2023-07-04,0.9698591,0.0060852356,0.024055598
1331,2023-07-06,0.9619912,0.0035377957,0.034471013
1332,2023-08-02,0.601398,0.0047499873,0.39385206
1333,2023-08-03,0.97535586,0.0030164877,0.0216276
1334,2023-08-05,0.37736988,0.0037655644,0.61886454
1335,2023-08-06,0.401904,0.0055759028,0.5925201
1336,2023-09-01,0.92866385,0.0040175486,0.0673186
1337,2023-09-02,0.87444925,0.0039348784,0.12161593
1338,2023-09-03,0.97907495,0.0028517446,0.01807335
1339,2023-09-05,0.5116032,0.003503459,0.4848933
1340,2023-09-06,0.59432006,0.0038513048,0.40182865
1341,2023-10-01,0.516237,0.002763101,0.48099992
1342,2023-10-02,0.97766054,0.0034275549,0.018911961
1343,2023-10-03,0.98294234,0.0027205301,0.01433716
1344,2023-10-04,0.9828963,0.0037849196,0.013318762
1345,2023-10-05,0.7507251,0.0083869705,0.24088795
1346,2023-11-01,0.17807049,0.00354674,0.81838286
1347,2023-11-04,0.05759383,0.0054411096,0.936965
1348,2023-11-05,0.6174497,0.0040032244,0.37854707
1349,2023-12-01,0.9708467,0.002861423,0.02629185
1350,2023-12-04,0.17556433,0.49162585,0.33280984
1351,2023-12-05,0.5085118,0.0027918073,0.48869637
1352,2023-12-06,0.49806783,0.0028417367,0.49909046
